{"cameraMode":{"drawMode":0,"name":"Shaded","section":"Shading Mode"},"sceneLighting":true,"audioPlay":false,"sceneViewState":{"showFog":true,"showMaterialUpdate":false,"showSkybox":true,"showFlares":true,"showImageEffects":true,"showParticleSystems":true},"in2DMode":false,"pivot":{"x":0.16797971725463868,"y":0.23810625076293946,"z":0.48271679878234866},"rotation":{"x":-0.11003271490335465,"y":0.5853177905082703,"z":-0.08058057725429535,"w":-0.7992523312568665},"size":3.780103921890259,"orthographic":false}